timestamp_utc,elapsed_sec,label,cpu_percent_total,mem_percent_total,mem_available_mb,disk_percent_root,net_sent_mb_since_start,net_recv_mb_since_start,battery_percent,battery_plugged,cpu_temp_c,cpu_freq_mhz,power_proxy_score,proc_pid,proc_cpu_percent,proc_rss_mb,proc_vms_mb
2026-03-28T03:53:55.210392+00:00,0.0,baseline,33.3,39.1,4908.609,65.7,0.0,0.0,,,82.6,2400.0,79.92,11004,0.0,143.875,527.016
2026-03-28T03:53:56.211419+00:00,1.001,baseline,57.0,39.3,4892.891,65.7,0.349801,0.193089,,,84.25,2400.0,136.8,11004,3.0,143.875,527.016
2026-03-28T03:53:57.214137+00:00,2.002,baseline,78.1,39.4,4883.375,65.7,0.483564,0.276727,,,85.35,2400.0,187.44,11004,5.0,143.875,527.016
2026-03-28T03:53:58.215318+00:00,3.005,baseline,36.8,39.4,4887.281,65.7,0.882898,0.480885,,,83.7,2400.0,88.32,11004,4.0,143.875,527.016
2026-03-28T03:53:59.216429+00:00,4.006,baseline,9.1,39.4,4889.25,65.7,1.373041,0.726101,,,82.6,1500.0,13.65,11004,13.0,143.875,527.016
2026-03-28T03:54:00.217863+00:00,5.007,baseline,13.2,39.4,4886.031,65.7,1.62809,0.853497,,,82.05,1600.0,21.12,11004,0.0,143.875,527.016
2026-03-28T03:54:01.219917+00:00,6.009,baseline,44.0,39.4,4886.641,65.7,1.995154,0.982708,,,84.8,2400.0,105.6,11004,10.0,143.875,527.016
2026-03-28T03:54:02.220721+00:00,7.01,baseline,17.0,39.3,4890.859,65.7,2.27281,1.121546,,,82.05,2400.0,40.8,11004,0.0,143.875,527.016
2026-03-28T03:54:03.221532+00:00,8.011,baseline,22.3,39.3,4894.906,65.7,2.614577,1.237583,,,84.25,2400.0,53.52,11004,11.0,143.875,527.016
2026-03-28T03:54:04.222399+00:00,9.012,baseline,17.1,39.3,4896.188,65.7,2.886765,1.373459,,,82.6,2400.0,41.04,11004,0.0,143.875,527.016
2026-03-28T03:54:05.223375+00:00,10.013,baseline,10.1,39.3,4892.859,65.7,3.212719,1.481253,,,83.15,2400.0,24.24,11004,9.0,143.875,527.016
2026-03-28T03:54:06.224219+00:00,11.014,baseline,10.5,39.3,4892.0,65.7,3.404207,1.576799,,,82.6,2400.0,25.2,11004,0.0,143.875,527.016
2026-03-28T03:54:07.228290+00:00,12.018,baseline,20.1,39.3,4894.219,65.7,3.633457,1.642343,,,84.8,2400.0,48.24,11004,2.0,143.875,527.016
2026-03-28T03:54:08.237934+00:00,13.024,baseline,40.5,39.3,4891.734,65.7,3.811594,1.736378,,,83.15,2400.0,97.2,11004,4.0,143.875,527.016
2026-03-28T03:54:09.238761+00:00,14.028,baseline,64.0,39.4,4888.703,65.7,4.097869,1.913671,,,84.25,2400.0,153.6,11004,6.0,143.875,527.016
2026-03-28T03:54:10.239955+00:00,15.029,baseline,67.8,39.5,4876.281,65.7,4.522584,2.134816,,,84.25,2400.0,162.72,11004,5.0,143.875,527.016
2026-03-28T03:54:11.240747+00:00,16.03,baseline,40.5,39.5,4875.719,65.7,4.938256,2.343055,,,83.7,2400.0,97.2,11004,5.0,143.875,527.016
2026-03-28T03:54:12.241523+00:00,17.031,baseline,14.5,39.5,4874.078,65.7,5.512571,2.6293,,,84.25,2400.0,34.8,11004,3.0,143.875,527.016
2026-03-28T03:54:13.242379+00:00,18.032,baseline,13.4,39.5,4874.672,65.7,5.751759,2.749104,,,83.7,2400.0,32.16,11004,4.0,143.875,527.016
2026-03-28T03:54:14.243124+00:00,19.033,baseline,9.6,39.4,4882.141,65.7,5.761376,2.753833,,,82.05,2400.0,23.04,11004,3.0,143.875,527.016
2026-03-28T03:54:15.243909+00:00,20.034,baseline,9.1,39.4,4882.469,65.7,5.761569,2.754303,,,83.7,2400.0,21.84,11004,3.0,143.875,527.016
2026-03-28T03:54:16.244865+00:00,21.034,baseline,4.1,39.4,4885.703,65.7,5.762036,2.754774,,,80.95,1500.0,6.15,11004,4.0,143.875,527.016
2026-03-28T03:54:17.245792+00:00,22.035,baseline,7.7,39.4,4887.25,65.7,5.762382,2.755178,,,82.6,1600.0,12.32,11004,12.0,143.875,527.016
2026-03-28T03:54:18.247893+00:00,23.036,baseline,27.0,39.4,4888.422,65.7,5.866817,2.807224,,,82.6,2400.0,64.8,11004,0.0,143.875,527.016
2026-03-28T03:54:19.249154+00:00,24.038,baseline,55.9,39.5,4878.969,65.7,6.044921,2.837515,,,83.7,2400.0,134.16,11004,4.0,143.875,527.016
2026-03-28T03:54:20.249943+00:00,25.04,baseline,14.7,39.6,4873.891,65.7,6.123641,2.876876,,,82.05,2400.0,35.28,11004,8.0,143.875,527.016
2026-03-28T03:54:21.252053+00:00,26.04,baseline,33.3,39.5,4874.812,65.7,6.260154,2.944741,,,85.35,2400.0,79.92,11004,1.0,143.875,527.016
2026-03-28T03:54:22.252922+00:00,27.043,baseline,36.0,39.5,4875.594,65.7,6.439495,2.977954,,,83.15,2400.0,86.4,11004,5.0,143.875,527.016
2026-03-28T03:54:23.253813+00:00,28.043,baseline,7.7,39.5,4877.875,65.7,6.498938,3.007572,,,83.15,1600.0,12.32,11004,5.0,143.875,527.016
2026-03-28T03:54:24.254700+00:00,29.044,baseline,13.8,39.5,4878.078,65.7,6.545296,3.030643,,,83.15,1600.0,22.08,11004,11.0,143.875,527.016
2026-03-28T03:54:25.255581+00:00,30.045,baseline,31.0,39.4,4886.531,65.7,6.656574,3.086208,,,83.15,2400.0,74.4,11004,0.0,143.875,527.016
2026-03-28T03:54:26.256337+00:00,31.046,baseline,44.3,39.4,4887.828,65.7,6.880433,3.14102,,,85.35,2400.0,106.32,11004,10.0,143.875,527.016
2026-03-28T03:54:27.257245+00:00,32.047,baseline,36.4,39.4,4890.109,65.7,6.96445,3.182701,,,82.6,2400.0,87.36,11004,0.0,143.875,527.016
2026-03-28T03:54:28.258081+00:00,33.048,baseline,28.0,39.4,4884.75,65.7,7.189879,3.238924,,,83.7,2400.0,67.2,11004,10.0,143.875,527.016
2026-03-28T03:54:29.259609+00:00,34.049,baseline,40.8,39.4,4885.938,65.7,7.277471,3.282567,,,83.7,2400.0,97.92,11004,0.0,143.875,527.016
2026-03-28T03:54:30.261342+00:00,35.05,baseline,23.8,39.4,4885.703,65.7,7.5181,3.345524,,,84.8,2400.0,57.12,11004,11.0,143.875,527.016
2026-03-28T03:54:31.262969+00:00,36.052,baseline,35.1,39.4,4889.375,65.7,7.612699,3.392785,,,84.8,2400.0,84.24,11004,0.0,143.875,527.016
2026-03-28T03:54:32.263772+00:00,37.053,baseline,11.0,39.4,4889.422,65.7,7.813225,3.436145,,,82.6,2400.0,26.4,11004,3.0,143.875,527.016
2026-03-28T03:54:33.264552+00:00,38.054,baseline,7.1,39.4,4886.219,65.7,7.853132,3.456301,,,82.05,2400.0,17.04,11004,3.0,143.875,527.016
2026-03-28T03:54:34.265420+00:00,39.055,baseline,7.2,39.4,4887.234,65.7,7.861397,3.460397,,,82.6,2400.0,17.28,11004,3.0,143.875,527.016
2026-03-28T03:54:35.266324+00:00,40.056,baseline,3.3,39.4,4887.516,65.7,7.871136,3.465356,,,82.6,1600.0,5.28,11004,3.0,143.875,527.016
2026-03-28T03:54:36.268765+00:00,41.057,baseline,8.0,39.4,4889.281,65.7,7.88005,3.472538,,,82.05,1600.0,12.8,11004,4.0,143.875,527.016
2026-03-28T03:54:37.270122+00:00,42.059,baseline,60.7,39.4,4886.531,65.7,8.156864,3.650187,,,84.25,2400.0,145.68,11004,4.0,143.875,527.016
2026-03-28T03:54:38.271129+00:00,43.061,baseline,55.0,39.4,4885.031,65.7,8.923445,4.08693,,,83.7,2400.0,132.0,11004,15.0,143.875,527.016
2026-03-28T03:54:39.272740+00:00,44.062,baseline,65.7,39.5,4874.766,65.7,9.306116,4.270891,,,85.9,2400.0,157.68,11004,0.0,143.875,527.016
2026-03-28T03:54:40.273533+00:00,45.063,baseline,42.8,39.5,4874.656,65.7,10.260059,4.748906,,,83.7,2400.0,102.72,11004,5.0,143.875,527.016
2026-03-28T03:54:41.274305+00:00,46.064,baseline,5.1,39.5,4874.656,65.7,10.668488,4.95365,,,82.6,2400.0,12.24,11004,3.0,143.875,527.016
2026-03-28T03:54:42.275235+00:00,47.065,baseline,5.1,39.5,4877.203,65.7,10.825061,5.031938,,,81.5,1600.0,8.16,11004,5.0,143.953,527.016
2026-03-28T03:54:43.277538+00:00,48.066,baseline,18.5,39.5,4876.766,65.7,11.233747,5.243395,,,84.25,2400.0,44.4,11004,11.0,143.953,527.016
2026-03-28T03:54:44.279300+00:00,49.068,baseline,43.7,39.6,4873.938,65.7,11.785842,5.469003,,,84.8,2400.0,104.88,11004,1.0,143.953,527.016
2026-03-28T03:54:45.280412+00:00,50.07,baseline,75.0,39.4,4882.109,65.7,11.91406,5.543,,,84.25,2400.0,180.0,11004,6.0,143.953,527.016
2026-03-28T03:54:46.281192+00:00,51.071,baseline,10.9,39.4,4888.531,65.7,12.323771,5.748036,,,83.7,2400.0,26.16,11004,3.0,143.953,527.016
2026-03-28T03:54:47.281955+00:00,52.072,baseline,5.1,39.4,4889.609,65.7,12.733912,5.953382,,,83.7,2400.0,12.24,11004,3.0,143.953,527.016
2026-03-28T03:54:48.282865+00:00,53.072,baseline,3.1,39.3,4890.641,65.7,12.753485,5.963224,,,82.05,1500.0,4.65,11004,5.0,143.953,527.016
2026-03-28T03:54:49.283785+00:00,54.073,baseline,6.7,39.3,4893.703,65.7,12.75482,5.964066,,,82.05,1700.0,11.39,11004,4.0,143.953,527.016
2026-03-28T03:54:50.284722+00:00,55.074,baseline,7.6,39.3,4895.875,65.7,12.761208,5.967303,,,82.6,1600.0,12.16,11004,3.0,143.953,527.016
2026-03-28T03:54:51.285644+00:00,56.075,baseline,4.1,39.2,4899.344,65.7,12.7707,5.972121,,,80.4,1500.0,6.15,11004,4.0,143.953,527.016
2026-03-28T03:54:52.286572+00:00,57.076,baseline,3.1,39.2,4900.062,65.7,12.775164,5.97452,,,82.05,1500.0,4.65,11004,4.0,143.953,527.016
2026-03-28T03:54:53.287587+00:00,58.077,baseline,4.1,39.2,4902.5,65.7,12.77549,5.975354,,,80.95,1500.0,6.15,11004,3.0,143.953,527.016
2026-03-28T03:54:54.291040+00:00,59.08,baseline,7.4,39.3,4897.703,65.7,12.775732,5.975533,,,79.85,1500.0,11.1,11004,5.0,143.953,527.016
2026-03-28T03:54:55.291968+00:00,60.082,baseline,6.6,39.2,4899.797,65.7,12.785415,5.979441,,,80.4,1600.0,10.56,11004,4.0,143.953,527.016
2026-03-28T03:54:56.293293+00:00,61.083,baseline,16.8,39.2,4899.812,65.7,13.1207,6.146364,,,82.05,2400.0,40.32,11004,11.0,143.953,527.016
2026-03-28T03:54:57.294164+00:00,62.084,baseline,51.0,39.3,4896.062,65.7,13.24973,6.21071,,,82.05,2400.0,122.4,11004,0.0,143.953,527.016
2026-03-28T03:54:58.294926+00:00,63.085,baseline,47.8,39.3,4897.109,65.7,14.374989,6.726522,,,83.15,2400.0,114.72,11004,10.0,143.953,527.016
2026-03-28T03:54:59.296498+00:00,64.085,baseline,55.2,39.2,4898.984,65.7,14.492939,6.785419,,,83.7,2400.0,132.48,11004,0.0,143.953,527.016
2026-03-28T03:55:00.298472+00:00,65.087,baseline,34.6,39.3,4898.219,65.7,15.283142,7.128167,,,84.8,2400.0,83.04,11004,4.0,143.953,527.016
2026-03-28T03:55:01.299327+00:00,66.089,baseline,34.2,39.3,4897.703,65.7,15.667587,7.320595,,,85.35,2400.0,82.08,11004,4.0,143.953,527.016
2026-03-28T03:55:02.300073+00:00,67.09,baseline,6.5,39.3,4893.984,65.7,16.015999,7.494832,,,83.15,2400.0,15.6,11004,3.0,143.953,527.016
2026-03-28T03:55:03.300833+00:00,68.091,baseline,4.3,39.3,4893.516,65.7,16.056606,7.515208,,,82.05,2400.0,10.32,11004,4.0,143.953,527.016
2026-03-28T03:55:04.301585+00:00,69.091,baseline,6.0,39.3,4892.891,65.7,16.056982,7.515512,,,82.05,2400.0,14.4,11004,3.0,143.953,527.016
2026-03-28T03:55:05.302319+00:00,70.092,baseline,7.3,39.3,4893.125,65.7,16.063484,7.518942,,,83.7,2400.0,17.52,11004,4.0,143.953,527.016
2026-03-28T03:55:06.303219+00:00,71.093,baseline,4.6,39.3,4896.375,65.7,16.07336,7.524014,,,80.95,1600.0,7.36,11004,4.0,143.953,527.016
2026-03-28T03:55:07.304200+00:00,72.094,baseline,3.8,39.3,4896.984,65.7,16.078348,7.526546,,,80.95,1600.0,6.08,11004,4.0,143.953,527.016
2026-03-28T03:55:08.305127+00:00,73.095,baseline,5.0,39.3,4897.5,65.7,16.07859,7.526844,,,80.95,1500.0,7.5,11004,5.0,143.953,527.016
2026-03-28T03:55:09.308638+00:00,74.096,baseline,11.3,39.2,4901.031,65.7,16.085616,7.538949,,,80.4,1900.0,21.47,11004,4.0,143.953,527.016
2026-03-28T03:55:10.309604+00:00,75.099,baseline,43.1,39.2,4899.906,65.7,16.56596,7.822523,,,81.5,2400.0,103.44,11004,10.0,143.953,527.016
2026-03-28T03:55:11.310710+00:00,76.1,baseline,43.5,39.3,4893.797,65.7,16.990489,8.000597,,,84.25,2400.0,104.4,11004,2.0,143.953,527.016
2026-03-28T03:55:12.311499+00:00,77.101,baseline,46.7,39.4,4885.891,65.7,17.550993,8.352621,,,82.6,2400.0,112.08,11004,4.0,143.953,527.016
2026-03-28T03:55:13.312465+00:00,78.102,baseline,13.4,39.3,4890.828,65.7,18.216303,8.699571,,,82.6,2400.0,32.16,11004,9.0,143.953,527.016
2026-03-28T03:55:14.313862+00:00,79.103,baseline,36.3,39.3,4893.828,65.7,18.563264,8.851327,,,84.25,2400.0,87.12,11004,0.0,143.953,527.016
2026-03-28T03:55:15.314844+00:00,80.104,baseline,55.3,39.3,4896.234,65.7,19.165886,9.121634,,,84.8,2400.0,132.72,11004,5.0,143.953,527.016
2026-03-28T03:55:16.315623+00:00,81.105,baseline,9.0,39.3,4896.391,65.7,19.484486,9.281307,,,83.7,2400.0,21.6,11004,4.0,143.953,527.016
2026-03-28T03:55:17.316374+00:00,82.106,baseline,8.9,39.3,4894.375,65.7,19.629082,9.353695,,,82.6,2400.0,21.36,11004,3.0,143.953,527.016
2026-03-28T03:55:18.317090+00:00,83.107,baseline,6.2,39.3,4895.531,65.7,19.638947,9.358589,,,81.5,2400.0,14.88,11004,3.0,143.953,527.016
2026-03-28T03:55:19.317810+00:00,84.108,baseline,7.3,39.3,4898.156,65.7,19.64203,9.360497,,,83.15,2400.0,17.52,11004,3.0,143.953,527.016
2026-03-28T03:55:20.318580+00:00,85.108,baseline,18.5,39.4,4889.125,65.7,19.701198,9.390936,,,82.6,2400.0,44.4,11004,3.0,143.953,527.016
2026-03-28T03:55:21.319290+00:00,86.109,baseline,7.1,39.4,4888.969,65.7,19.734969,9.408172,,,82.6,2400.0,17.04,11004,3.0,143.953,527.016
2026-03-28T03:55:22.320036+00:00,87.11,baseline,7.1,39.3,4893.188,65.7,19.762165,9.422618,,,82.05,2400.0,17.04,11004,3.0,143.953,527.016
2026-03-28T03:55:23.320807+00:00,88.11,baseline,23.9,39.2,4900.938,65.7,21.151079,10.106344,,,83.15,2400.0,57.36,11004,8.0,143.953,527.016
2026-03-28T03:55:24.321575+00:00,89.111,baseline,40.5,39.4,4889.141,65.7,21.893987,10.428252,,,83.7,2400.0,97.2,11004,3.0,143.953,527.016
2026-03-28T03:55:25.322355+00:00,90.112,baseline,26.2,39.3,4897.094,65.7,22.197157,10.580324,,,83.7,2400.0,62.88,11004,4.0,143.953,527.016
2026-03-28T03:55:26.323086+00:00,91.113,baseline,8.3,39.3,4897.859,65.7,22.355158,10.659382,,,82.05,2400.0,19.92,11004,3.0,143.953,527.016
2026-03-28T03:55:27.324844+00:00,92.114,baseline,36.7,39.2,4899.234,65.7,22.659779,10.839282,,,82.6,2400.0,88.08,11004,3.0,143.953,527.016
2026-03-28T03:55:28.326520+00:00,93.115,baseline,63.4,39.5,4878.234,65.7,23.434438,11.272138,,,84.8,2400.0,152.16,11004,5.0,143.953,527.016
2026-03-28T03:55:29.328461+00:00,94.117,baseline,78.4,39.7,4858.078,65.7,23.940104,11.538229,,,84.25,2400.0,188.16,11004,5.0,143.953,527.016
2026-03-28T03:55:30.329284+00:00,95.119,baseline,32.7,39.8,4855.344,65.7,24.430689,11.784725,,,84.8,2400.0,78.48,11004,4.0,143.953,527.016
2026-03-28T03:55:31.330250+00:00,96.12,baseline,15.8,39.7,4861.328,65.7,24.840065,12.014504,,,83.7,2400.0,37.92,11004,4.0,143.953,527.016
2026-03-28T03:55:32.331077+00:00,97.121,baseline,13.7,39.7,4862.922,65.7,24.987949,12.088468,,,84.25,2400.0,32.88,11004,3.0,143.953,527.016
2026-03-28T03:55:33.332795+00:00,98.122,baseline,42.7,39.6,4866.219,65.7,25.106311,12.163214,,,83.7,2400.0,102.48,11004,4.0,143.953,527.016
2026-03-28T03:55:34.334570+00:00,99.124,baseline,67.7,39.6,4866.719,65.7,25.396273,12.323978,,,84.8,2400.0,162.48,11004,6.0,143.953,527.016
2026-03-28T03:55:35.336837+00:00,100.126,baseline,16.2,39.5,4875.109,65.7,25.411989,12.331948,,,84.25,1900.0,30.78,11004,4.0,143.953,527.016
2026-03-28T03:55:36.338245+00:00,101.127,baseline,15.2,39.5,4875.938,65.7,25.428216,12.341914,,,84.8,2400.0,36.48,11004,3.0,143.953,527.016
2026-03-28T03:55:37.339065+00:00,102.129,baseline,14.0,39.5,4879.359,65.7,25.44206,12.355246,,,85.35,2400.0,33.6,11004,4.0,143.953,527.016
2026-03-28T03:55:38.340006+00:00,103.13,baseline,44.8,39.4,4883.609,65.7,26.202899,12.842791,,,83.15,2400.0,107.52,11004,4.0,143.953,527.016
2026-03-28T03:55:39.340806+00:00,104.13,baseline,23.2,39.4,4882.734,65.7,26.916207,13.149008,,,83.7,2400.0,55.68,11004,4.0,143.953,527.016
2026-03-28T03:55:40.341573+00:00,105.131,baseline,17.2,39.4,4882.984,65.7,26.964297,13.173037,,,84.25,2400.0,41.28,11004,4.0,143.953,527.016
2026-03-28T03:55:41.342462+00:00,106.132,baseline,26.4,39.4,4883.25,65.7,26.979856,13.181576,,,83.7,2400.0,63.36,11004,5.0,143.953,527.016
2026-03-28T03:55:42.343465+00:00,107.133,baseline,22.2,39.4,4885.078,65.7,27.115367,13.250132,,,84.8,2400.0,53.28,11004,3.0,143.953,527.016
2026-03-28T03:55:43.344428+00:00,108.134,baseline,42.2,39.4,4887.078,65.7,27.311836,13.349251,,,83.7,2400.0,101.28,11004,5.0,143.953,527.016
2026-03-28T03:55:44.345590+00:00,109.135,baseline,20.9,39.3,4895.266,65.7,27.538523,13.463219,,,83.15,2400.0,50.16,11004,5.0,143.953,527.016
2026-03-28T03:55:45.347105+00:00,110.136,baseline,15.2,39.1,4906.844,65.7,27.781378,13.585128,,,84.8,2400.0,36.48,11004,4.0,143.953,527.016
2026-03-28T03:55:46.348009+00:00,111.138,baseline,21.7,39.1,4908.391,65.7,28.036245,13.713207,,,84.25,1900.0,41.23,11004,4.0,143.953,527.016
2026-03-28T03:55:47.349118+00:00,112.138,baseline,26.8,39.1,4908.047,65.7,28.250328,13.820598,,,83.7,2400.0,64.32,11004,4.0,143.953,527.016
2026-03-28T03:55:48.349892+00:00,113.14,baseline,35.3,39.1,4911.969,65.7,28.882721,14.146606,,,84.25,2400.0,84.72,11004,3.0,143.953,527.016
2026-03-28T03:55:49.350604+00:00,114.14,baseline,18.8,39.1,4911.969,65.7,28.958956,14.185836,,,84.25,2400.0,45.12,11004,5.0,143.953,527.016
2026-03-28T03:55:50.351385+00:00,115.141,baseline,7.5,39.1,4911.969,65.7,29.005465,14.20936,,,84.25,2400.0,18.0,11004,3.0,143.953,527.016
2026-03-28T03:55:51.352163+00:00,116.142,baseline,10.2,39.1,4912.625,65.7,29.054155,14.234103,,,83.7,2400.0,24.48,11004,4.0,143.953,527.016
2026-03-28T03:55:52.353009+00:00,117.143,baseline,21.9,39.1,4910.375,65.7,29.098941,14.269457,,,84.25,2400.0,52.56,11004,3.0,143.953,527.016
2026-03-28T03:55:53.354116+00:00,118.144,baseline,52.8,39.3,4896.547,65.7,29.688682,14.599799,,,84.8,2400.0,126.72,11004,5.0,143.953,527.016
2026-03-28T03:55:54.355306+00:00,119.145,baseline,57.7,39.3,4894.75,65.7,30.105711,14.828399,,,84.8,2400.0,138.48,11004,5.0,143.953,527.016
2026-03-28T03:55:55.356717+00:00,120.146,baseline,62.0,39.3,4890.406,65.7,32.118443,15.876704,,,84.8,2400.0,148.8,11004,5.0,143.953,527.016
2026-03-28T03:55:56.361136+00:00,121.151,baseline,62.0,39.4,4888.594,65.7,33.85406,16.765758,,,84.8,2400.0,148.8,11004,5.0,143.953,527.016
2026-03-28T03:55:57.362090+00:00,122.152,baseline,38.2,39.4,4888.062,65.7,34.18644,16.937894,,,84.8,2400.0,91.68,11004,4.0,143.953,527.016
2026-03-28T03:55:58.362839+00:00,123.153,baseline,18.8,39.4,4889.859,65.7,34.495338,17.096037,,,84.25,2400.0,45.12,11004,5.0,143.953,527.016
2026-03-28T03:55:59.363785+00:00,124.153,baseline,17.4,39.3,4890.219,65.7,34.839143,17.268436,,,83.15,2400.0,41.76,11004,4.0,143.953,527.016
2026-03-28T03:56:00.365472+00:00,125.154,baseline,21.6,39.3,4895.859,65.7,35.116999,17.407851,,,84.25,2400.0,51.84,11004,4.0,143.953,527.016
2026-03-28T03:56:01.366262+00:00,126.156,baseline,18.9,39.3,4896.188,65.7,35.311832,17.505865,,,84.25,2400.0,45.36,11004,5.0,143.953,527.016
2026-03-28T03:56:02.367039+00:00,127.157,baseline,20.3,39.3,4896.0,65.7,35.574608,17.637697,,,83.7,2400.0,48.72,11004,4.0,143.953,527.016
2026-03-28T03:56:03.368004+00:00,128.157,baseline,19.0,39.3,4895.828,65.7,35.804869,17.753253,,,84.25,2400.0,45.6,11004,4.0,143.953,527.016
2026-03-28T03:56:04.368805+00:00,129.158,baseline,15.4,39.3,4895.859,65.7,36.06495,17.88353,,,83.7,2400.0,36.96,11004,3.0,143.953,527.016
2026-03-28T03:56:05.369588+00:00,130.159,baseline,35.0,39.3,4896.062,65.7,36.463343,18.082784,,,83.7,2400.0,84.0,11004,10.0,143.953,527.016
2026-03-28T03:56:06.370574+00:00,131.16,baseline,51.2,39.4,4890.016,65.7,36.843035,18.272264,,,85.35,2400.0,122.88,11004,0.0,143.953,527.016
2026-03-28T03:56:07.371597+00:00,132.161,baseline,57.0,39.4,4883.578,65.7,37.711283,18.6576,,,87.55,2400.0,136.8,11004,4.0,143.953,527.016
2026-03-28T03:56:08.373800+00:00,133.162,baseline,67.0,39.4,4884.828,65.7,37.903273,18.798153,,,85.35,2400.0,160.8,11004,6.0,143.953,527.016
2026-03-28T03:56:09.374634+00:00,134.164,baseline,65.3,39.4,4889.344,65.7,38.297634,19.026363,,,85.35,2400.0,156.72,11004,6.0,143.953,527.016
2026-03-28T03:56:10.375588+00:00,135.165,baseline,12.6,39.4,4889.969,65.7,38.69897,19.226715,,,84.25,2400.0,30.24,11004,4.0,143.953,527.016
2026-03-28T03:56:11.376391+00:00,136.166,baseline,17.7,39.4,4887.547,65.7,39.185764,19.51976,,,83.7,2400.0,42.48,11004,4.0,143.953,527.016
2026-03-28T03:56:12.377270+00:00,137.167,baseline,11.3,39.4,4889.703,65.7,40.820886,20.296186,,,82.05,1900.0,21.47,11004,3.0,143.953,527.016
2026-03-28T03:56:13.378185+00:00,138.168,baseline,8.9,39.3,4890.234,65.7,41.008098,20.389729,,,82.6,1600.0,14.24,11004,4.0,143.953,527.016
2026-03-28T03:56:14.379145+00:00,139.169,baseline,7.4,39.3,4891.875,65.7,41.178791,20.478622,,,82.6,1600.0,11.84,11004,4.0,143.953,527.016
2026-03-28T03:56:15.380038+00:00,140.17,baseline,5.1,39.3,4895.406,65.7,41.308699,20.544188,,,82.6,1700.0,8.67,11004,4.0,143.953,527.016
2026-03-28T03:56:16.384516+00:00,141.174,baseline,5.8,39.3,4895.062,65.7,41.363916,20.572653,,,80.95,1600.0,9.28,11004,5.0,143.953,527.016
2026-03-28T03:56:17.385511+00:00,142.175,baseline,27.9,39.2,4904.641,65.7,42.05585,20.901934,,,83.7,2400.0,66.96,11004,13.0,143.953,527.016
2026-03-28T03:56:18.386726+00:00,143.176,baseline,63.5,39.3,4895.703,65.7,42.504657,21.127046,,,82.6,2400.0,152.4,11004,5.0,143.953,527.016
2026-03-28T03:56:19.387538+00:00,144.177,baseline,25.5,39.3,4892.766,65.7,42.854278,21.314895,,,84.25,2400.0,61.2,11004,6.0,143.953,527.016
2026-03-28T03:56:20.389155+00:00,145.178,baseline,15.3,39.4,4887.609,65.7,42.939795,21.358167,,,82.6,2400.0,36.72,11004,3.0,143.953,527.016
2026-03-28T03:56:21.389938+00:00,146.18,baseline,13.2,39.4,4887.281,65.7,42.98038,21.378746,,,83.7,2400.0,31.68,11004,4.0,143.953,527.016
2026-03-28T03:56:22.390933+00:00,147.18,baseline,25.9,39.4,4889.234,65.7,43.028494,21.422009,,,84.25,2400.0,62.16,11004,3.0,143.953,527.016
2026-03-28T03:56:23.392346+00:00,148.181,baseline,76.9,39.4,4886.0,65.7,43.116102,21.474093,,,84.25,2400.0,184.56,11004,6.0,143.953,527.016
2026-03-28T03:56:24.393108+00:00,149.183,baseline,17.4,39.4,4886.297,65.7,43.209175,21.520733,,,84.25,2400.0,41.76,11004,4.0,143.953,527.016
2026-03-28T03:56:25.393880+00:00,150.184,baseline,5.7,39.2,4898.375,65.7,43.382822,21.607777,,,83.15,2400.0,13.68,11004,4.0,143.953,527.016
2026-03-28T03:56:26.394595+00:00,151.184,baseline,5.7,39.2,4899.312,65.7,43.564781,21.698914,,,83.15,2400.0,13.68,11004,4.0,143.953,527.016
2026-03-28T03:56:27.395517+00:00,152.185,baseline,6.2,39.2,4904.094,65.7,43.748871,21.790903,,,81.5,1600.0,9.92,11004,3.0,143.953,527.016
2026-03-28T03:56:28.396493+00:00,153.186,baseline,8.1,39.2,4903.859,65.7,43.892681,21.862834,,,80.4,1500.0,12.15,11004,4.0,143.953,527.016
2026-03-28T03:56:29.397372+00:00,154.187,baseline,8.0,39.1,4913.172,65.7,43.892999,21.863097,,,81.5,1600.0,12.8,11004,4.0,143.953,527.016
2026-03-28T03:56:30.398314+00:00,155.188,baseline,8.1,39.0,4915.062,65.7,43.893241,21.863396,,,81.5,1500.0,12.15,11004,4.0,143.953,527.016
2026-03-28T03:56:31.399247+00:00,156.189,baseline,6.4,39.0,4916.562,65.7,43.893567,21.863901,,,80.95,1500.0,9.6,11004,4.0,143.953,527.016
2026-03-28T03:56:32.400156+00:00,157.19,baseline,7.8,39.0,4917.594,65.7,43.893809,21.86408,,,79.85,1600.0,12.48,11004,4.0,143.953,527.016
2026-03-28T03:56:33.401071+00:00,158.191,baseline,6.2,39.0,4918.906,65.7,43.894135,21.864424,,,80.4,1500.0,9.3,11004,4.0,143.953,527.016
2026-03-28T03:56:34.401844+00:00,159.192,baseline,39.3,39.1,4912.031,65.7,45.136341,22.558765,,,83.7,2400.0,94.32,11004,13.0,143.953,527.016
2026-03-28T03:56:35.402908+00:00,160.192,baseline,61.4,39.3,4891.047,65.7,46.243124,23.077254,,,83.15,2400.0,147.36,11004,4.0,143.953,527.016
2026-03-28T03:56:36.403686+00:00,161.193,baseline,21.2,39.4,4889.719,65.7,46.754811,23.374049,,,82.05,2400.0,50.88,11004,4.0,143.953,527.016
2026-03-28T03:56:37.407043+00:00,162.196,baseline,17.8,39.4,4889.875,65.7,46.847213,23.420186,,,83.7,2400.0,42.72,11004,4.0,143.953,527.016
2026-03-28T03:56:38.407809+00:00,163.198,baseline,13.9,39.3,4892.844,65.7,47.015889,23.504452,,,83.15,2400.0,33.36,11004,3.0,143.953,527.016
2026-03-28T03:56:39.409316+00:00,164.198,baseline,23.6,39.3,4892.688,65.7,47.51403,23.708491,,,83.7,2400.0,56.64,11004,14.0,143.953,527.016
2026-03-28T03:56:40.410761+00:00,165.2,baseline,57.0,39.3,4891.797,65.7,48.146252,24.023479,,,84.8,2400.0,136.8,11004,4.0,143.953,527.016
2026-03-28T03:56:41.411561+00:00,166.201,baseline,53.4,39.4,4885.766,65.7,48.242873,24.070426,,,83.7,2400.0,128.16,11004,4.0,143.953,527.016
2026-03-28T03:56:42.412302+00:00,167.202,baseline,6.4,39.4,4883.781,65.7,48.547523,24.223363,,,84.25,2400.0,15.36,11004,3.0,143.953,527.016
2026-03-28T03:56:43.413053+00:00,168.203,baseline,12.3,39.4,4885.906,65.7,48.851,24.375302,,,82.05,2400.0,29.52,11004,3.0,143.953,527.016
2026-03-28T03:56:44.413959+00:00,169.204,baseline,5.5,39.4,4888.25,65.7,49.012007,24.456008,,,80.95,1600.0,8.8,11004,4.0,143.953,527.016
2026-03-28T03:56:45.414754+00:00,170.204,baseline,23.7,39.4,4887.094,65.7,49.081335,24.504827,,,83.7,2400.0,56.88,11004,3.0,143.953,527.016
2026-03-28T03:56:46.415508+00:00,171.205,baseline,6.7,39.4,4888.156,65.7,49.388334,24.66478,,,83.15,2400.0,16.08,11004,4.0,143.953,527.016
2026-03-28T03:56:47.416327+00:00,172.206,baseline,9.9,39.3,4896.984,65.7,49.712191,24.848009,,,82.05,2400.0,23.76,11004,4.0,143.953,527.016
2026-03-28T03:56:48.417096+00:00,173.207,baseline,11.2,39.2,4900.188,65.7,49.856754,24.932672,,,84.25,2400.0,26.88,11004,3.0,143.953,527.016
2026-03-28T03:56:49.417839+00:00,174.208,baseline,7.7,39.2,4900.125,65.7,50.052616,25.030766,,,83.15,2400.0,18.48,11004,4.0,143.953,527.016
2026-03-28T03:56:50.418769+00:00,175.208,baseline,10.2,39.2,4902.516,65.7,50.275528,25.145114,,,81.5,1500.0,15.3,11004,5.0,143.953,527.016
2026-03-28T03:56:51.420117+00:00,176.21,baseline,8.5,39.2,4904.5,65.7,50.428499,25.222045,,,82.05,1500.0,12.75,11004,3.0,143.953,527.016
2026-03-28T03:56:52.421065+00:00,177.211,baseline,13.3,39.3,4893.891,65.7,50.436306,25.226435,,,82.05,1600.0,21.28,11004,4.0,143.953,527.016
2026-03-28T03:56:53.422016+00:00,178.212,baseline,9.4,39.3,4894.0,65.7,50.447466,25.23205,,,82.05,1500.0,14.1,11004,4.0,143.953,527.016
2026-03-28T03:56:54.422917+00:00,179.212,baseline,7.9,39.3,4896.75,65.7,50.459734,25.238767,,,82.05,1700.0,13.43,11004,4.0,143.953,527.016
2026-03-28T03:56:55.423841+00:00,180.213,baseline,6.9,39.3,4897.578,65.7,50.466434,25.242022,,,81.5,1600.0,11.04,11004,5.0,143.953,527.016
2026-03-28T03:56:56.424759+00:00,181.214,baseline,7.7,39.3,4898.094,65.7,50.473555,25.245818,,,82.05,1600.0,12.32,11004,6.0,143.953,527.016
2026-03-28T03:56:57.425653+00:00,182.215,baseline,7.7,39.2,4898.516,65.7,50.479565,25.249042,,,79.85,1700.0,13.09,11004,4.0,143.953,527.016
2026-03-28T03:56:58.426542+00:00,183.216,baseline,6.7,39.1,4910.953,65.7,50.485634,25.252176,,,80.95,1600.0,10.72,11004,4.0,143.953,527.016
2026-03-28T03:56:59.427926+00:00,184.217,baseline,27.2,39.2,4905.578,65.7,50.516073,25.278934,,,82.6,2400.0,65.28,11004,5.0,143.953,527.016
2026-03-28T03:57:00.428723+00:00,185.218,baseline,29.1,39.2,4905.297,65.7,50.772818,25.407503,,,82.6,2400.0,69.84,11004,4.0,143.953,527.016
2026-03-28T03:57:01.429455+00:00,186.219,baseline,8.4,39.1,4906.344,65.7,51.202637,25.622697,,,81.5,2400.0,20.16,11004,2.0,143.953,527.016
2026-03-28T03:57:02.431082+00:00,187.22,baseline,62.8,39.2,4903.781,65.7,51.47446,25.789748,,,83.15,2400.0,150.72,11004,4.0,143.953,527.016
2026-03-28T03:57:03.432438+00:00,188.222,baseline,61.1,39.3,4897.031,65.7,51.693862,25.908869,,,83.7,2400.0,146.64,11004,5.0,143.953,527.016
2026-03-28T03:57:04.434735+00:00,189.224,baseline,56.9,39.3,4896.109,65.7,51.88874,26.017,,,84.8,2400.0,136.56,11004,5.0,143.953,527.016
2026-03-28T03:57:05.435785+00:00,190.225,baseline,28.4,39.3,4895.641,65.7,52.300945,26.239318,,,82.6,2400.0,68.16,11004,4.0,143.953,527.016
2026-03-28T03:57:06.436547+00:00,191.226,baseline,32.7,39.3,4895.844,65.7,52.632607,26.405556,,,83.7,2400.0,78.48,11004,3.0,143.953,527.016
2026-03-28T03:57:07.437280+00:00,192.227,baseline,7.2,39.3,4896.094,65.7,52.70579,26.441834,,,83.7,2400.0,17.28,11004,3.0,143.953,527.016
2026-03-28T03:57:08.441022+00:00,193.228,baseline,38.5,39.3,4896.828,65.7,52.817912,26.507609,,,84.8,2400.0,92.4,11004,4.0,143.953,527.016
2026-03-28T03:57:09.441974+00:00,194.232,baseline,24.4,39.2,4900.016,65.7,53.089286,26.64331,,,82.6,1700.0,41.48,11004,4.0,143.953,527.016
2026-03-28T03:57:10.442914+00:00,195.232,baseline,8.5,39.2,4902.203,65.7,53.407119,26.802511,,,81.5,1600.0,13.6,11004,5.0,143.953,527.016
2026-03-28T03:57:11.443916+00:00,196.233,baseline,7.9,39.2,4904.812,65.7,53.492373,26.845016,,,82.6,1500.0,11.85,11004,3.0,143.953,527.016
2026-03-28T03:57:12.444883+00:00,197.234,baseline,7.9,39.2,4904.812,65.7,53.498693,26.848331,,,82.05,1500.0,11.85,11004,4.0,143.953,527.016
2026-03-28T03:57:13.445842+00:00,198.235,baseline,8.4,39.1,4906.703,65.7,53.505595,26.851791,,,80.95,1600.0,13.44,11004,6.0,144.094,527.234
2026-03-28T03:57:14.446787+00:00,199.236,baseline,7.9,39.1,4908.625,65.7,53.512971,26.855799,,,80.95,1600.0,12.64,11004,5.0,144.094,527.234
2026-03-28T03:57:15.447731+00:00,200.237,baseline,7.9,39.1,4907.156,65.7,53.519383,26.859093,,,80.95,1600.0,12.64,11004,4.0,144.094,527.234
2026-03-28T03:57:16.448631+00:00,201.238,baseline,7.7,39.1,4907.688,65.7,53.526406,26.862924,,,82.05,1600.0,12.32,11004,5.0,144.094,527.234
2026-03-28T03:57:17.449545+00:00,202.239,baseline,6.9,39.1,4909.375,65.7,53.533219,26.866228,,,80.95,1600.0,11.04,11004,3.0,144.094,527.234
2026-03-28T03:57:18.450415+00:00,203.24,baseline,8.1,39.1,4911.031,65.7,53.540198,26.870084,,,80.95,1700.0,13.77,11004,4.0,144.094,527.234
2026-03-28T03:57:19.451624+00:00,204.241,baseline,7.7,39.1,4910.797,65.7,53.546893,26.873327,,,80.95,1500.0,11.55,11004,4.0,144.094,527.234
2026-03-28T03:57:20.452526+00:00,205.242,baseline,7.4,39.3,4895.406,65.7,53.553557,26.876999,,,81.5,1700.0,12.58,11004,3.0,144.094,527.234
2026-03-28T03:57:21.453456+00:00,206.243,baseline,7.7,39.3,4895.656,65.7,53.560384,26.880505,,,80.95,1500.0,11.55,11004,4.0,144.094,527.234
2026-03-28T03:57:22.454349+00:00,207.244,baseline,7.9,39.2,4898.891,65.7,53.567497,26.884259,,,80.4,1700.0,13.43,11004,5.0,144.094,527.234
2026-03-28T03:57:23.455252+00:00,208.245,baseline,7.6,39.2,4900.297,65.7,53.573967,26.88758,,,80.95,1600.0,12.16,11004,4.0,144.094,527.234
2026-03-28T03:57:24.455992+00:00,209.246,baseline,7.6,39.2,4900.703,65.7,53.580851,26.891355,,,80.95,2400.0,18.24,11004,4.0,144.094,527.234
2026-03-28T03:57:25.456716+00:00,210.246,baseline,6.4,39.1,4908.375,65.7,53.587458,26.894563,,,81.5,2400.0,15.36,11004,4.0,144.094,527.234
2026-03-28T03:57:26.457422+00:00,211.247,baseline,7.8,39.1,4907.609,65.7,53.594212,26.89824,,,79.85,2400.0,18.72,11004,3.0,144.094,527.234
2026-03-28T03:57:27.458137+00:00,212.248,baseline,8.0,39.1,4908.859,65.7,53.600809,26.901627,,,81.5,2400.0,19.2,11004,4.0,144.094,527.234
2026-03-28T03:57:28.458861+00:00,213.249,baseline,8.0,39.1,4908.859,65.7,53.607534,26.905202,,,81.5,2400.0,19.2,11004,3.0,144.094,527.234
2026-03-28T03:57:29.459753+00:00,214.249,baseline,8.4,39.1,4908.625,65.7,53.614065,26.908388,,,79.85,1700.0,14.28,11004,4.0,144.094,527.234
2026-03-28T03:57:30.460611+00:00,215.25,baseline,8.9,39.1,4911.297,65.7,53.620815,26.911913,,,79.85,1700.0,15.13,11004,6.0,144.094,527.234
2026-03-28T03:57:31.461494+00:00,216.251,baseline,9.1,39.1,4911.531,65.7,53.627409,26.915277,,,80.95,1700.0,15.47,11004,4.0,144.094,527.234
2026-03-28T03:57:32.462399+00:00,217.252,baseline,9.3,39.1,4911.062,65.7,53.634249,26.918838,,,79.3,1600.0,14.88,11004,5.0,144.094,527.234
2026-03-28T03:57:33.463261+00:00,218.253,baseline,7.4,39.1,4910.109,65.7,53.640837,26.922155,,,79.3,1700.0,12.58,11004,4.0,144.094,527.234
2026-03-28T03:57:34.464156+00:00,219.254,baseline,8.6,39.1,4911.703,65.7,53.647779,26.925859,,,81.5,1700.0,14.62,11004,4.0,144.094,527.234
2026-03-28T03:57:35.465056+00:00,220.255,baseline,8.1,39.1,4911.25,65.7,53.65424,26.928992,,,79.3,1600.0,12.96,11004,3.0,144.094,527.234
2026-03-28T03:57:36.465772+00:00,221.256,baseline,8.3,39.1,4911.266,65.7,53.66098,26.932606,,,80.95,2400.0,19.92,11004,5.0,144.094,527.234
2026-03-28T03:57:37.468478+00:00,222.256,baseline,50.4,39.2,4901.922,65.7,54.469521,27.306367,,,83.15,2400.0,120.96,11004,12.0,144.094,527.234
2026-03-28T03:57:38.474263+00:00,223.262,baseline,61.6,39.3,4892.828,65.7,54.604654,27.3739,,,83.7,2400.0,147.84,11004,5.0,144.094,527.234
2026-03-28T03:57:39.475085+00:00,224.265,baseline,22.9,39.3,4890.953,65.7,54.948514,27.544741,,,83.15,2400.0,54.96,11004,3.0,144.094,527.234
2026-03-28T03:57:40.475877+00:00,225.266,baseline,8.1,39.3,4891.672,65.7,55.375842,27.758887,,,82.6,2400.0,19.44,11004,4.0,144.094,527.234
2026-03-28T03:57:41.476791+00:00,226.266,baseline,9.5,39.3,4891.938,65.7,55.469619,27.805778,,,81.5,1600.0,15.2,11004,4.0,144.094,527.234
2026-03-28T03:57:42.477660+00:00,227.267,baseline,11.3,39.3,4895.531,65.7,55.476832,27.809587,,,81.5,1700.0,19.21,11004,4.0,144.094,527.234
2026-03-28T03:57:43.478558+00:00,228.268,baseline,10.3,39.3,4892.969,65.7,55.48278,27.812589,,,80.4,1600.0,16.48,11004,4.0,144.094,527.234
2026-03-28T03:57:44.479428+00:00,229.269,baseline,10.0,39.2,4902.453,65.7,55.490066,27.816368,,,81.5,1700.0,17.0,11004,5.0,144.094,527.234
2026-03-28T03:57:45.480189+00:00,230.27,baseline,25.3,39.2,4904.922,65.7,55.495925,27.819216,,,81.5,2400.0,60.72,11004,4.0,144.094,527.234
2026-03-28T03:57:46.480900+00:00,231.271,baseline,9.2,39.2,4905.453,65.7,55.502719,27.82279,,,82.05,2400.0,22.08,11004,3.0,144.094,527.234
2026-03-28T03:57:47.481599+00:00,232.271,baseline,9.9,39.2,4906.266,65.7,55.508882,27.826158,,,80.4,2400.0,23.76,11004,3.0,144.094,527.234
2026-03-28T03:57:48.482308+00:00,233.272,baseline,9.6,39.1,4912.734,65.7,55.515809,27.829826,,,81.5,2400.0,23.04,11004,3.0,144.094,527.234
2026-03-28T03:57:49.483026+00:00,234.273,baseline,10.3,39.1,4913.656,65.7,55.52189,27.832833,,,81.5,2400.0,24.72,11004,5.0,144.172,527.234
2026-03-28T03:57:50.483991+00:00,235.274,baseline,10.8,39.0,4915.625,65.7,55.529193,27.836623,,,79.85,1600.0,17.28,11004,3.0,144.172,527.234
2026-03-28T03:57:51.485551+00:00,236.275,baseline,17.2,39.2,4902.359,65.7,55.537848,27.841,,,82.05,2400.0,41.28,11004,4.0,144.172,527.234
2026-03-28T03:57:52.486272+00:00,237.276,baseline,9.0,39.2,4902.594,65.7,55.553309,27.848672,,,81.5,2400.0,21.6,11004,2.0,144.172,527.234
2026-03-28T03:57:53.486960+00:00,238.277,baseline,9.9,39.2,4904.781,65.7,55.566432,27.855093,,,82.05,2400.0,23.76,11004,3.0,144.172,527.234
2026-03-28T03:57:54.487672+00:00,239.277,baseline,10.8,39.2,4906.281,65.7,55.573125,27.858523,,,81.5,2400.0,25.92,11004,3.0,144.172,527.234
2026-03-28T03:57:55.488382+00:00,240.278,baseline,10.2,39.1,4906.312,65.7,55.579339,27.861599,,,80.95,2400.0,24.48,11004,3.0,144.172,527.234
2026-03-28T03:57:56.489299+00:00,241.279,baseline,10.5,39.1,4907.25,65.7,55.58649,27.865347,,,79.85,1500.0,15.75,11004,4.0,144.172,527.234
2026-03-28T03:57:57.490228+00:00,242.28,baseline,11.9,39.0,4916.203,65.7,55.592877,27.86844,,,81.5,1700.0,20.23,11004,4.0,144.172,527.234
2026-03-28T03:57:58.492652+00:00,243.281,baseline,38.0,39.2,4905.922,65.7,56.161077,28.108499,,,82.6,2400.0,91.2,11004,13.0,144.172,527.234
2026-03-28T03:57:59.498711+00:00,244.285,baseline,68.3,39.3,4895.531,65.7,56.585588,28.321773,,,84.25,2400.0,163.92,11004,5.0,144.172,527.234
2026-03-28T03:58:00.499496+00:00,245.289,baseline,40.1,39.3,4894.484,65.7,56.844196,28.44998,,,82.6,2400.0,96.24,11004,5.0,144.172,527.234
2026-03-28T03:58:01.500270+00:00,246.29,baseline,10.4,39.3,4894.078,65.7,57.293441,28.674906,,,82.05,2400.0,24.96,11004,3.0,144.172,527.234
2026-03-28T03:58:02.500984+00:00,247.291,baseline,7.1,39.3,4895.594,65.7,57.473414,28.765087,,,82.6,2400.0,17.04,11004,3.0,144.172,527.234
2026-03-28T03:58:03.501849+00:00,248.291,baseline,7.4,39.2,4899.828,65.7,57.483586,28.770057,,,82.05,1700.0,12.58,11004,4.0,144.172,527.234
2026-03-28T03:58:04.502737+00:00,249.292,baseline,9.6,39.3,4897.984,65.7,57.490607,28.773644,,,81.5,1700.0,16.32,11004,5.0,144.172,527.234
2026-03-28T03:58:05.503481+00:00,250.293,baseline,17.0,39.1,4909.375,65.7,57.557126,28.80682,,,83.15,2400.0,40.8,11004,14.0,144.172,527.234
2026-03-28T03:58:06.505409+00:00,251.294,baseline,41.2,39.2,4899.828,65.7,57.831164,28.943574,,,83.7,2400.0,98.88,11004,0.0,144.172,527.234
2026-03-28T03:58:07.506217+00:00,252.296,baseline,52.5,39.3,4892.172,65.7,58.329607,29.1599,,,82.6,2400.0,126.0,11004,5.0,144.172,527.234
2026-03-28T03:58:08.507148+00:00,253.297,baseline,60.3,39.3,4891.609,65.7,58.452613,29.221334,,,83.7,2400.0,144.72,11004,5.0,144.172,527.234
2026-03-28T03:58:09.507967+00:00,254.298,baseline,8.7,39.3,4891.547,65.7,58.878586,29.43314,,,83.15,2400.0,20.88,11004,3.0,144.172,527.234
2026-03-28T03:58:10.509072+00:00,255.298,baseline,36.6,39.4,4888.641,65.7,59.329659,29.679103,,,83.15,1900.0,69.54,11004,4.0,144.172,527.234
2026-03-28T03:58:11.509859+00:00,256.3,baseline,21.9,39.4,4887.344,65.7,59.688511,29.863899,,,83.15,2400.0,52.56,11004,4.0,144.172,527.234
2026-03-28T03:58:12.511324+00:00,257.3,baseline,42.9,39.4,4885.125,65.7,60.074542,30.077646,,,83.7,2400.0,102.96,11004,4.0,144.172,527.234
2026-03-28T03:58:13.512115+00:00,258.302,baseline,46.8,39.3,4890.344,65.7,60.295388,30.187987,,,84.25,2400.0,112.32,11004,4.0,144.172,527.234
2026-03-28T03:58:14.512877+00:00,259.303,baseline,7.9,39.3,4891.25,65.7,60.730515,30.405788,,,84.25,2400.0,18.96,11004,2.0,144.172,527.234
2026-03-28T03:58:15.513623+00:00,260.303,baseline,8.1,39.3,4892.125,65.7,60.938725,30.5101,,,83.15,2400.0,19.44,11004,4.0,144.172,527.234
2026-03-28T03:58:16.514493+00:00,261.304,baseline,8.4,39.3,4894.281,65.7,60.94537,30.513694,,,82.6,1700.0,14.28,11004,5.0,144.172,527.234
2026-03-28T03:58:17.515365+00:00,262.305,baseline,7.9,39.3,4894.703,65.7,60.9517,30.516819,,,82.6,1700.0,13.43,11004,5.0,144.172,527.234
2026-03-28T03:58:18.516251+00:00,263.306,baseline,7.2,39.2,4903.203,65.7,60.959297,30.520902,,,82.05,1700.0,12.24,11004,5.0,144.172,527.234
2026-03-28T03:58:19.517167+00:00,264.307,baseline,7.9,39.2,4899.0,65.7,60.969652,30.528462,,,82.05,1600.0,12.64,11004,4.0,144.172,527.234
2026-03-28T03:58:20.518110+00:00,265.308,baseline,7.0,39.3,4896.812,65.7,60.976282,30.531981,,,80.95,1600.0,11.2,11004,5.0,144.172,527.234
2026-03-28T03:58:21.519011+00:00,266.309,baseline,6.7,39.3,4896.141,65.7,60.985806,30.540057,,,81.5,1600.0,10.72,11004,4.0,144.172,527.234
2026-03-28T03:58:22.519944+00:00,267.309,baseline,7.0,39.3,4896.172,65.7,60.992969,30.543806,,,79.85,1600.0,11.2,11004,4.0,144.172,527.234
2026-03-28T03:58:23.520836+00:00,268.31,baseline,7.4,39.3,4896.422,65.7,60.999998,30.547386,,,80.95,1600.0,11.84,11004,6.0,144.172,527.234
2026-03-28T03:58:24.521727+00:00,269.311,baseline,8.2,39.1,4912.891,65.7,61.006762,30.550941,,,82.05,1600.0,13.12,11004,4.0,144.172,527.234
2026-03-28T03:58:25.522650+00:00,270.312,baseline,7.0,39.1,4913.375,65.7,61.013002,30.55403,,,80.95,1500.0,10.5,11004,6.0,144.172,527.234
2026-03-28T03:58:26.523581+00:00,271.313,baseline,7.4,39.0,4914.656,65.7,61.019808,30.557517,,,79.3,1500.0,11.1,11004,4.0,144.172,527.234
2026-03-28T03:58:27.524510+00:00,272.314,baseline,7.7,39.0,4916.969,65.7,61.025146,30.560275,,,80.4,1500.0,11.55,11004,5.0,144.172,527.234
2026-03-28T03:58:28.525741+00:00,273.315,baseline,15.2,39.1,4908.062,65.7,61.039922,30.57247,,,82.05,2400.0,36.48,11004,4.0,144.172,527.234
2026-03-28T03:58:29.527199+00:00,274.316,baseline,47.4,39.2,4902.5,65.7,61.21206,30.672061,,,83.15,2400.0,113.76,11004,3.0,144.172,527.234
2026-03-28T03:58:30.527969+00:00,275.318,baseline,13.1,39.2,4899.609,65.7,61.570373,30.853679,,,82.6,2400.0,31.44,11004,4.0,144.172,527.234
2026-03-28T03:58:31.528687+00:00,276.318,baseline,16.7,39.2,4899.156,65.7,61.8966,31.017766,,,82.6,2400.0,40.08,11004,3.0,144.172,527.234
2026-03-28T03:58:32.529444+00:00,277.319,baseline,22.4,39.2,4899.547,65.7,61.963344,31.05212,,,83.15,2400.0,53.76,11004,4.0,144.172,527.234
2026-03-28T03:58:33.530298+00:00,278.32,baseline,14.2,39.2,4901.266,65.7,62.002133,31.071725,,,82.6,1800.0,25.56,11004,4.0,144.172,527.234
2026-03-28T03:58:34.531122+00:00,279.321,baseline,20.0,39.1,4909.672,65.7,62.033433,31.087951,,,83.15,2400.0,48.0,11004,3.0,144.172,527.234
2026-03-28T03:58:35.531885+00:00,280.322,baseline,28.2,39.1,4908.5,65.7,62.227368,31.185157,,,83.15,2400.0,67.68,11004,4.0,144.172,527.234
2026-03-28T03:58:36.532934+00:00,281.322,baseline,38.2,39.1,4908.062,65.7,62.37869,31.260805,,,83.15,2400.0,91.68,11004,4.0,144.172,527.234
2026-03-28T03:58:37.534536+00:00,282.324,baseline,16.8,39.1,4907.859,65.7,62.465199,31.304206,,,82.6,2400.0,40.32,11004,3.0,144.172,527.234
2026-03-28T03:58:38.535440+00:00,283.325,baseline,14.2,39.1,4908.641,65.7,62.500024,31.322092,,,83.7,2400.0,34.08,11004,3.0,144.172,527.234
2026-03-28T03:58:39.537080+00:00,284.326,baseline,10.4,39.1,4908.875,65.7,62.52192,31.333091,,,82.6,1600.0,16.64,11004,4.0,144.172,527.234
2026-03-28T03:58:40.540164+00:00,285.328,baseline,18.5,39.1,4907.234,65.7,62.558911,31.352065,,,83.15,1900.0,35.15,11004,4.0,144.172,527.234
2026-03-28T03:58:41.541844+00:00,286.331,baseline,55.5,39.1,4906.375,65.7,62.70646,31.426457,,,83.7,2400.0,133.2,11004,4.0,144.172,527.234
2026-03-28T03:58:42.542682+00:00,287.332,baseline,24.5,39.1,4906.625,65.7,62.802249,31.474856,,,84.8,2400.0,58.8,11004,3.0,144.172,527.234
2026-03-28T03:58:43.543422+00:00,288.333,baseline,21.2,39.1,4909.609,65.7,62.87794,31.513229,,,83.7,2400.0,50.88,11004,5.0,144.172,527.234
2026-03-28T03:58:44.544314+00:00,289.334,baseline,11.9,39.1,4909.375,65.7,62.912208,31.530654,,,83.7,2400.0,28.56,11004,4.0,144.172,527.234
2026-03-28T03:58:45.545141+00:00,290.335,baseline,9.7,39.1,4909.141,65.7,62.940095,31.544677,,,83.15,2400.0,23.28,11004,3.0,144.172,527.234
2026-03-28T03:58:46.546133+00:00,291.336,baseline,13.0,39.1,4912.766,65.7,62.963122,31.559363,,,81.5,1500.0,19.5,11004,4.0,144.172,527.234
2026-03-28T03:58:47.547147+00:00,292.337,baseline,9.7,39.1,4912.562,65.7,62.97281,31.564323,,,82.6,1500.0,14.55,11004,5.0,144.172,527.234
2026-03-28T03:58:48.548341+00:00,293.338,baseline,8.4,39.1,4913.703,65.7,62.982474,31.569258,,,82.05,1600.0,13.44,11004,4.0,144.172,527.234
2026-03-28T03:58:49.549243+00:00,294.339,baseline,10.0,39.1,4913.5,65.7,62.991786,31.573829,,,80.4,2400.0,24.0,11004,4.0,144.172,527.234
2026-03-28T03:58:50.553341+00:00,295.341,baseline,13.7,39.2,4899.359,65.7,63.003333,31.579741,,,81.5,2400.0,32.88,11004,3.0,144.172,527.234
2026-03-28T03:58:51.555212+00:00,296.344,baseline,7.6,39.2,4900.797,65.7,63.019485,31.587837,,,82.6,2400.0,18.24,11004,3.0,144.172,527.234
2026-03-28T03:58:52.556362+00:00,297.346,baseline,7.4,39.2,4900.797,65.7,63.033685,31.594933,,,82.6,2400.0,17.76,11004,3.0,144.172,527.234
2026-03-28T03:58:53.557132+00:00,298.347,baseline,7.0,39.2,4903.234,65.7,63.043357,31.599677,,,82.05,2400.0,16.8,11004,3.0,144.172,527.234
2026-03-28T03:58:54.557878+00:00,299.348,baseline,19.6,39.2,4901.984,65.7,63.344823,31.74971,,,82.6,2400.0,47.04,11004,11.0,145.094,528.234
